{
    "coverage": {
        "k": 31,
        "nb_peaks": 3,
        "global_minima": {
            "freq": 7,
            "count": 513769
        },
        "global_maxima": {
            "freq": 18,
            "count": 1222385
        },
        "mean_freq": 17,
        "peaks": [
            {
                "mean_freq": 9.000000000001915,
                "stddev": 1.630200853520843,
                "count": 217127,
                "volume": 887249
            },
            {
                "mean_freq": 17.84951695291705,
                "stddev": 6.064083774058902,
                "count": 1222377,
                "volume": 18557857
            },
            {
                "mean_freq": 34.00000000246611,
                "stddev": 7.0025700345295645,
                "count": 37523,
                "volume": 658652
            }
        ],
        "hom_peak": {
            "freq": 17,
            "index": 2
        },
        "est_genome_size": 20318785,
        "est_het_rate": 0.14085948290643838
    },
    "gc": {
        "k": 31,
        "nb_peaks": 2,
        "mean_gc%": 60.31353142269189,
        "peaks": [
            {
                "mean_freq": 5.908483613748386,
                "stddev": 2.0099999999999993,
                "count": 504414.9999999999,
                "volume": 2539783
            },
            {
                "mean_freq": 19.577067113412213,
                "stddev": 3.730628211703057,
                "count": 6654193.007650359,
                "volume": 62122126
            }
        ]
    }
}