{
    "coverage": {
        "k": 31,
        "nb_peaks": 3,
        "global_minima": {
            "freq": 4,
            "count": 615242
        },
        "global_maxima": {
            "freq": 18,
            "count": 944460
        },
        "mean_freq": 18,
        "peaks": [
            {
                "mean_freq": 8.999999999999794,
                "stddev": 3.9505131342762416,
                "count": 449288,
                "volume": 4413689
            },
            {
                "mean_freq": 19.999999999999982,
                "stddev": 7.9814212066521995,
                "count": 925834,
                "volume": 18428521
            },
            {
                "mean_freq": 34.00006130284235,
                "stddev": 7.639023634673086,
                "count": 56783,
                "volume": 1087291
            }
        ],
        "hom_peak": {
            "freq": 19,
            "index": 2
        },
        "est_genome_size": 22809947,
        "est_het_rate": 0.624188493362694
    },
    "gc": {
        "k": 31,
        "nb_peaks": 1,
        "mean_gc%": 56.48860217733883,
        "peaks": [
            {
                "mean_freq": 18.379136605841154,
                "stddev": 3.763772624107699,
                "count": 7745346.484524813,
                "volume": 73027267
            }
        ]
    }
}