{
    "coverage": {
        "k": 31,
        "nb_peaks": 4,
        "global_minima": {
            "freq": 3,
            "count": 663646
        },
        "global_maxima": {
            "freq": 10,
            "count": 2186379
        },
        "mean_freq": 10,
        "peaks": [
            {
                "mean_freq": 6.1876558797540495,
                "stddev": 2.2460679774997887,
                "count": 755173,
                "volume": 4245969
            },
            {
                "mean_freq": 10.637192345709426,
                "stddev": 3.7214183738398856,
                "count": 1947632,
                "volume": 18143543
            },
            {
                "mean_freq": 18.00000029207623,
                "stddev": 4.370791574414467,
                "count": 226900,
                "volume": 2485884
            },
            {
                "mean_freq": 49.99999999999266,
                "stddev": 19.101020514429123,
                "count": 2296,
                "volume": 109481
            }
        ],
        "hom_peak": {
            "freq": 6,
            "index": 1
        },
        "est_genome_size": 48428631,
        "est_het_rate": 0.0
    },
    "gc": {
        "k": 31,
        "nb_peaks": 1,
        "mean_gc%": 54.80378219774263,
        "peaks": [
            {
                "mean_freq": 18.132709508056077,
                "stddev": 3.8889884958060743,
                "count": 5170888.43260243,
                "volume": 50371064
            }
        ]
    }
}