{
    "coverage": {
        "k": 31,
        "nb_peaks": 0,
        "global_minima": {
            "freq": 3,
            "count": 1386653
        },
        "global_maxima": {
            "freq": 6,
            "count": 1526587
        },
        "mean_freq": 0,
        "peaks": [],
        "hom_peak": {
            "freq": 0,
            "index": 0
        },
        "est_genome_size": 0,
        "est_het_rate": 0
    },
    "gc": {
        "k": 31,
        "nb_peaks": 1,
        "mean_gc%": 60.499846540394174,
        "peaks": [
            {
                "mean_freq": 19.253873868331553,
                "stddev": 3.6148226357033373,
                "count": 5728307.915898624,
                "volume": 51857522
            }
        ]
    }
}