{
    "coverage": {
        "k": 31,
        "nb_peaks": 3,
        "global_minima": {
            "freq": 30,
            "count": 54717
        },
        "global_maxima": {
            "freq": 85,
            "count": 503082
        },
        "mean_freq": 82,
        "peaks": [
            {
                "mean_freq": 43.999999873847685,
                "stddev": 15.527862533343521,
                "count": 41191,
                "volume": 1599934
            },
            {
                "mean_freq": 85.57358414459812,
                "stddev": 17.98046983825683,
                "count": 500661,
                "volume": 22564957
            },
            {
                "mean_freq": 169.99999999998795,
                "stddev": 74.66724509377703,
                "count": 145,
                "volume": 27017
            }
        ],
        "hom_peak": {
            "freq": 85,
            "index": 2
        },
        "est_genome_size": 23418958,
        "est_het_rate": 0.22038031834528413
    },
    "gc": {
        "k": 31,
        "nb_peaks": 1,
        "mean_gc%": 52.71782832196567,
        "peaks": [
            {
                "mean_freq": 16.70513098251934,
                "stddev": 3.589524036656478,
                "count": 28277347.747694112,
                "volume": 254413446
            }
        ]
    }
}