{
    "coverage": {
        "k": 31,
        "nb_peaks": 4,
        "global_minima": {
            "freq": 15,
            "count": 65181
        },
        "global_maxima": {
            "freq": 71,
            "count": 540744
        },
        "mean_freq": 69,
        "peaks": [
            {
                "mean_freq": 34.999999872976126,
                "stddev": 14.12858237220384,
                "count": 67792,
                "volume": 2386517
            },
            {
                "mean_freq": 71.19718692478668,
                "stddev": 16.93199557623092,
                "count": 529911,
                "volume": 22490344
            },
            {
                "mean_freq": 140.00000001060798,
                "stddev": 61.6333969260579,
                "count": 2377,
                "volume": 363225
            },
            {
                "mean_freq": 211.00000018364324,
                "stddev": 105.5099999412188,
                "count": 616,
                "volume": 158892
            }
        ],
        "hom_peak": {
            "freq": 71,
            "index": 2
        },
        "est_genome_size": 24886728,
        "est_het_rate": 0.30933925646970833
    },
    "gc": {
        "k": 31,
        "nb_peaks": 1,
        "mean_gc%": 52.03010031078626,
        "peaks": [
            {
                "mean_freq": 16.758851311785975,
                "stddev": 3.633262968367429,
                "count": 24436710.988494284,
                "volume": 222534275
            }
        ]
    }
}