{
    "coverage": {
        "k": 31,
        "nb_peaks": 2,
        "global_minima": {
            "freq": 46,
            "count": 247543
        },
        "global_maxima": {
            "freq": 63,
            "count": 255190
        },
        "mean_freq": 67,
        "peaks": [
            {
                "mean_freq": 63.00000606377476,
                "stddev": 23.128512165191236,
                "count": 229728,
                "volume": 13278186
            },
            {
                "mean_freq": 124.00000000000003,
                "stddev": 36.79568799365569,
                "count": 12271,
                "volume": 1131473
            }
        ],
        "hom_peak": {
            "freq": 63,
            "index": 1
        },
        "est_genome_size": 15541132,
        "est_het_rate": 0.0
    },
    "gc": {
        "k": 31,
        "nb_peaks": 1,
        "mean_gc%": 53.3994677029512,
        "peaks": [
            {
                "mean_freq": 16.91577155469064,
                "stddev": 3.6537894350489037,
                "count": 19284334.988945734,
                "volume": 176602180
            }
        ]
    }
}