{
    "coverage": {
        "k": 31,
        "nb_peaks": 3,
        "global_minima": {
            "freq": 4,
            "count": 162529
        },
        "global_maxima": {
            "freq": 24,
            "count": 1392257
        },
        "mean_freq": 23,
        "peaks": [
            {
                "mean_freq": 12.000000000013818,
                "stddev": 5.499999999999998,
                "count": 222575,
                "volume": 3033457
            },
            {
                "mean_freq": 24.242948077728578,
                "stddev": 7.017330736599592,
                "count": 1350972,
                "volume": 23758428
            },
            {
                "mean_freq": 46.000001400908644,
                "stddev": 17.92287905169624,
                "count": 14708,
                "volume": 657669
            }
        ],
        "hom_peak": {
            "freq": 24,
            "index": 2
        },
        "est_genome_size": 26590494,
        "est_het_rate": 0.36800163100731875
    },
    "gc": {
        "k": 31,
        "nb_peaks": 1,
        "mean_gc%": 54.10542857164459,
        "peaks": [
            {
                "mean_freq": 17.48534309441456,
                "stddev": 3.9735857306252504,
                "count": 8398128.202797689,
                "volume": 83604843
            }
        ]
    }
}