{
    "coverage": {
        "k": 31,
        "nb_peaks": 3,
        "global_minima": {
            "freq": 12,
            "count": 357475
        },
        "global_maxima": {
            "freq": 27,
            "count": 947291
        },
        "mean_freq": 26,
        "peaks": [
            {
                "mean_freq": 14.999999999999996,
                "stddev": 3.154792120088261,
                "count": 141978,
                "volume": 1122746
            },
            {
                "mean_freq": 27.050534206874993,
                "stddev": 7.622317962187657,
                "count": 947276,
                "volume": 18096267
            },
            {
                "mean_freq": 52.000000000000014,
                "stddev": 14.529247003267125,
                "count": 5058,
                "volume": 184218
            }
        ],
        "hom_peak": {
            "freq": 27,
            "index": 2
        },
        "est_genome_size": 19026076,
        "est_het_rate": 0.19035776427691029
    },
    "gc": {
        "k": 31,
        "nb_peaks": 2,
        "mean_gc%": 59.68612114481598,
        "peaks": [
            {
                "mean_freq": 5.005179016682114,
                "stddev": 2.009593347213857,
                "count": 855747.9999115058,
                "volume": 4298501
            },
            {
                "mean_freq": 19.56580315177672,
                "stddev": 3.735955018809107,
                "count": 9119379.710788622,
                "volume": 85257602
            }
        ]
    }
}