{
    "coverage": {
        "k": 31,
        "nb_peaks": 0,
        "global_minima": {
            "freq": 3,
            "count": 1736896
        },
        "global_maxima": {
            "freq": 7,
            "count": 2062837
        },
        "mean_freq": 0,
        "peaks": [],
        "hom_peak": {
            "freq": 0,
            "index": 0
        },
        "est_genome_size": 0,
        "est_het_rate": 0
    },
    "gc": {
        "k": 31,
        "nb_peaks": 1,
        "mean_gc%": 58.605387836874364,
        "peaks": [
            {
                "mean_freq": 18.41653867757026,
                "stddev": 3.573974454041781,
                "count": 7590270.947482796,
                "volume": 67974798
            }
        ]
    }
}