{
    "coverage": {
        "k": 31,
        "nb_peaks": 3,
        "global_minima": {
            "freq": 4,
            "count": 637881
        },
        "global_maxima": {
            "freq": 18,
            "count": 1169621
        },
        "mean_freq": 18,
        "peaks": [
            {
                "mean_freq": 9.000000000000062,
                "stddev": 3.999999999999909,
                "count": 445925,
                "volume": 4432499
            },
            {
                "mean_freq": 19.999999999998717,
                "stddev": 7.704825452374741,
                "count": 1157807,
                "volume": 22274184
            },
            {
                "mean_freq": 34.000000000247866,
                "stddev": 6.589690459036998,
                "count": 32211,
                "volume": 532063
            }
        ],
        "hom_peak": {
            "freq": 19,
            "index": 2
        },
        "est_genome_size": 25554559,
        "est_het_rate": 0.5595237965549608
    },
    "gc": {
        "k": 31,
        "nb_peaks": 1,
        "mean_gc%": 57.97346423811218,
        "peaks": [
            {
                "mean_freq": 18.43475836134099,
                "stddev": 3.6889691231587527,
                "count": 9805111.717422942,
                "volume": 90619670
            }
        ]
    }
}