{
    "coverage": {
        "k": 31,
        "nb_peaks": 3,
        "global_minima": {
            "freq": 6,
            "count": 559857
        },
        "global_maxima": {
            "freq": 17,
            "count": 1406188
        },
        "mean_freq": 17,
        "peaks": [
            {
                "mean_freq": 9.697322635888668,
                "stddev": 3.0244838067423094,
                "count": 263870,
                "volume": 1999764
            },
            {
                "mean_freq": 17.723802092886682,
                "stddev": 6.012873946341206,
                "count": 1386342,
                "volume": 20869816
            },
            {
                "mean_freq": 32.0000000135709,
                "stddev": 6.118936000284486,
                "count": 71564,
                "volume": 1097649
            }
        ],
        "hom_peak": {
            "freq": 17,
            "index": 2
        },
        "est_genome_size": 24064996,
        "est_het_rate": 0.2680595339763707
    },
    "gc": {
        "k": 31,
        "nb_peaks": 2,
        "mean_gc%": 58.55862572455176,
        "peaks": [
            {
                "mean_freq": 6.001823657649417,
                "stddev": 2.1795122332360264,
                "count": 714087.9999286485,
                "volume": 3896118
            },
            {
                "mean_freq": 19.172793813059698,
                "stddev": 3.622603727793319,
                "count": 7812514.405164701,
                "volume": 70881102
            }
        ]
    }
}