{
    "coverage": {
        "k": 31,
        "nb_peaks": 4,
        "global_minima": {
            "freq": 4,
            "count": 298521
        },
        "global_maxima": {
            "freq": 23,
            "count": 1445684
        },
        "mean_freq": 22,
        "peaks": [
            {
                "mean_freq": 10.999999857781189,
                "stddev": 4.999999928890515,
                "count": 355690,
                "volume": 4410597
            },
            {
                "mean_freq": 23.785129308626836,
                "stddev": 6.595388739866677,
                "count": 1415018,
                "volume": 23390675
            },
            {
                "mean_freq": 44.00000000526165,
                "stddev": 10.570718110554262,
                "count": 15500,
                "volume": 410722
            },
            {
                "mean_freq": 67.00000008364466,
                "stddev": 33.50999778229966,
                "count": 233,
                "volume": 19223
            }
        ],
        "hom_peak": {
            "freq": 23,
            "index": 2
        },
        "est_genome_size": 26475086,
        "est_het_rate": 0.537400794772282
    },
    "gc": {
        "k": 31,
        "nb_peaks": 1,
        "mean_gc%": 57.90320434342786,
        "peaks": [
            {
                "mean_freq": 18.406323072015162,
                "stddev": 3.6944947394026517,
                "count": 10979860.878108008,
                "volume": 101629317
            }
        ]
    }
}