{
    "coverage": {
        "k": 31,
        "nb_peaks": 3,
        "global_minima": {
            "freq": 3,
            "count": 619460
        },
        "global_maxima": {
            "freq": 15,
            "count": 1278018
        },
        "mean_freq": 15,
        "peaks": [
            {
                "mean_freq": 7.000000000000656,
                "stddev": 2.99999999999985,
                "count": 375839,
                "volume": 2809289
            },
            {
                "mean_freq": 16.129060808023755,
                "stddev": 6.837888600621854,
                "count": 1273007,
                "volume": 21656521
            },
            {
                "mean_freq": 28.00000000026236,
                "stddev": 5.188894864852857,
                "count": 74042,
                "volume": 963048
            }
        ],
        "hom_peak": {
            "freq": 16,
            "index": 2
        },
        "est_genome_size": 24987261,
        "est_het_rate": 0.36267370724006764
    },
    "gc": {
        "k": 31,
        "nb_peaks": 1,
        "mean_gc%": 58.864781325886064,
        "peaks": [
            {
                "mean_freq": 18.55350867091776,
                "stddev": 3.599477704033991,
                "count": 8729231.950373273,
                "volume": 78725703
            }
        ]
    }
}