{
    "coverage": {
        "k": 31,
        "nb_peaks": 3,
        "global_minima": {
            "freq": 14,
            "count": 159715
        },
        "global_maxima": {
            "freq": 42,
            "count": 827153
        },
        "mean_freq": 41,
        "peaks": [
            {
                "mean_freq": 20.999999870652843,
                "stddev": 6.417792459463713,
                "count": 65353,
                "volume": 1050921
            },
            {
                "mean_freq": 42.14977760688262,
                "stddev": 11.788803987706888,
                "count": 817672,
                "volume": 24158769
            },
            {
                "mean_freq": 82.00000001464323,
                "stddev": 26.80469454053249,
                "count": 5804,
                "volume": 389628
            }
        ],
        "hom_peak": {
            "freq": 42,
            "index": 2
        },
        "est_genome_size": 25463485,
        "est_het_rate": 0.13313447636627446
    },
    "gc": {
        "k": 31,
        "nb_peaks": 1,
        "mean_gc%": 54.151263288973816,
        "peaks": [
            {
                "mean_freq": 17.040654505190435,
                "stddev": 4.14240662196306,
                "count": 16383254.9978629,
                "volume": 170017478
            }
        ]
    }
}