{
    "coverage": {
        "k": 31,
        "nb_peaks": 4,
        "global_minima": {
            "freq": 12,
            "count": 87773
        },
        "global_maxima": {
            "freq": 47,
            "count": 893381
        },
        "mean_freq": 44,
        "peaks": [
            {
                "mean_freq": 23.823997489080078,
                "stddev": 8.101891580173755,
                "count": 124435,
                "volume": 2523719
            },
            {
                "mean_freq": 46.863020520905536,
                "stddev": 10.647915722436924,
                "count": 889390,
                "volume": 23738049
            },
            {
                "mean_freq": 92.00000000837326,
                "stddev": 39.21766712592916,
                "count": 1276,
                "volume": 124383
            },
            {
                "mean_freq": 139.00000001463624,
                "stddev": 61.163216069860084,
                "count": 76,
                "volume": 11550
            }
        ],
        "hom_peak": {
            "freq": 46,
            "index": 2
        },
        "est_genome_size": 25283324,
        "est_het_rate": 0.32199203839883017
    },
    "gc": {
        "k": 31,
        "nb_peaks": 1,
        "mean_gc%": 59.63740373611945,
        "peaks": [
            {
                "mean_freq": 18.711188860449717,
                "stddev": 3.8508650201740657,
                "count": 56385236.28486087,
                "volume": 543686261
            }
        ]
    }
}