{
    "coverage": {
        "k": 31,
        "nb_peaks": 0,
        "global_minima": {
            "freq": 2,
            "count": 3424922
        },
        "global_maxima": {
            "freq": 4,
            "count": 4550704
        },
        "mean_freq": 0,
        "peaks": [],
        "hom_peak": {
            "freq": 0,
            "index": 0
        },
        "est_genome_size": 0,
        "est_het_rate": 0
    },
    "gc": {
        "k": 31,
        "nb_peaks": 1,
        "mean_gc%": 57.740428190969396,
        "peaks": [
            {
                "mean_freq": 18.412902392589167,
                "stddev": 3.8789297466460297,
                "count": 5181753.944566786,
                "volume": 50337516
            }
        ]
    }
}