{
    "k": 31,
    "nb_peaks": 3,
    "global_minima": {
        "freq": 6,
        "count": 513781
    },
    "global_maxima": {
        "freq": 17,
        "count": 1222414
    },
    "mean_freq": 17,
    "peaks": [
        {
            "mean_freq": 8.00008992723312,
            "stddev": 1.636271868162707,
            "count": 222270,
            "volume": 911649
        },
        {
            "mean_freq": 16.82355996886421,
            "stddev": 6.022400925761881,
            "count": 1222391,
            "volume": 18416419
        },
        {
            "mean_freq": 32.00000000004377,
            "stddev": 6.971019913501711,
            "count": 44873,
            "volume": 784101
        }
    ],
    "hom_peak": {
        "freq": 16,
        "index": 2
    },
    "est_genome_size": 20440445,
    "est_het_rate": 0.1438717809620315
}