{
    "k": 31,
    "nb_peaks": 4,
    "global_minima": {
        "freq": 3,
        "count": 615258
    },
    "global_maxima": {
        "freq": 17,
        "count": 944460
    },
    "mean_freq": 17,
    "peaks": [
        {
            "mean_freq": 7.999970402430228,
            "stddev": 3.4999852012151105,
            "count": 462634,
            "volume": 4028704
        },
        {
            "mean_freq": 18.943362411040866,
            "stddev": 7.999999999998992,
            "count": 935859,
            "volume": 18625918
        },
        {
            "mean_freq": 32.00000000129836,
            "stddev": 7.558809123701548,
            "count": 55298,
            "volume": 1047731
        },
        {
            "mean_freq": 83.00000046322825,
            "stddev": 41.50999976676824,
            "count": 425,
            "volume": 43271
        }
    ],
    "hom_peak": {
        "freq": 18,
        "index": 2
    },
    "est_genome_size": 22865545,
    "est_het_rate": 0.5683581718624555
}