{
    "k": 31,
    "nb_peaks": 3,
    "global_minima": {
        "freq": 29,
        "count": 54717
    },
    "global_maxima": {
        "freq": 84,
        "count": 503082
    },
    "mean_freq": 81,
    "peaks": [
        {
            "mean_freq": 43.99999987423802,
            "stddev": 15.527862536494622,
            "count": 42919,
            "volume": 1667063
        },
        {
            "mean_freq": 84.64571684429156,
            "stddev": 17.91286926537983,
            "count": 500554,
            "volume": 22475329
        },
        {
            "mean_freq": 167.9999999991108,
            "stddev": 73.1447047118793,
            "count": 226,
            "volume": 41177
        }
    ],
    "hom_peak": {
        "freq": 84,
        "index": 2
    },
    "est_genome_size": 23391214,
    "est_het_rate": 0.22989925108825737
}