{
    "k": 31,
    "nb_peaks": 4,
    "global_minima": {
        "freq": 14,
        "count": 65182
    },
    "global_maxima": {
        "freq": 70,
        "count": 540744
    },
    "mean_freq": 68,
    "peaks": [
        {
            "mean_freq": 34.99999988823908,
            "stddev": 14.966089189838826,
            "count": 67230,
            "volume": 2499839
        },
        {
            "mean_freq": 70.2585129393501,
            "stddev": 16.899282144093185,
            "count": 527581,
            "volume": 22348147
        },
        {
            "mean_freq": 138.0000019340536,
            "stddev": 60.69337581634398,
            "count": 2491,
            "volume": 374832
        },
        {
            "mean_freq": 208.0000110871896,
            "stddev": 104.00999065780313,
            "count": 647,
            "volume": 164567
        }
    ],
    "hom_peak": {
        "freq": 70,
        "index": 2
    },
    "est_genome_size": 24841431,
    "est_het_rate": 0.32461885042747934
}