{
    "k": 31,
    "nb_peaks": 2,
    "global_minima": {
        "freq": 45,
        "count": 247543
    },
    "global_maxima": {
        "freq": 62,
        "count": 255190
    },
    "mean_freq": 67,
    "peaks": [
        {
            "mean_freq": 62.000556275291224,
            "stddev": 23.130424109564345,
            "count": 229154,
            "volume": 13240473
        },
        {
            "mean_freq": 122.0000000002892,
            "stddev": 36.036108603526046,
            "count": 13613,
            "volume": 1229324
        }
    ],
    "hom_peak": {
        "freq": 62,
        "index": 1
    },
    "est_genome_size": 15699121,
    "est_het_rate": 0.0
}