{
    "k": 31,
    "nb_peaks": 4,
    "global_minima": {
        "freq": 2,
        "count": 399425
    },
    "global_maxima": {
        "freq": 16,
        "count": 2047886
    },
    "mean_freq": 16,
    "peaks": [
        {
            "mean_freq": 9.999999892260586,
            "stddev": 3.49999999999443,
            "count": 210190,
            "volume": 1841640
        },
        {
            "mean_freq": 16.076510810849317,
            "stddev": 6.923330059245967,
            "count": 1920560,
            "volume": 33053881
        },
        {
            "mean_freq": 30.00000505466486,
            "stddev": 14.500002527332345,
            "count": 37968,
            "volume": 1355582
        },
        {
            "mean_freq": 80.00000003054228,
            "stddev": 39.009999998725306,
            "count": 1201,
            "volume": 115212
        }
    ],
    "hom_peak": {
        "freq": 16,
        "index": 2
    },
    "est_genome_size": 37031501,
    "est_het_rate": 0.16042488241425557
}