{
    "k": 31,
    "nb_peaks": 4,
    "global_minima": {
        "freq": 3,
        "count": 162535
    },
    "global_maxima": {
        "freq": 23,
        "count": 1392258
    },
    "mean_freq": 22,
    "peaks": [
        {
            "mean_freq": 10.999999827762036,
            "stddev": 4.9999999138808455,
            "count": 224690,
            "volume": 2786180
        },
        {
            "mean_freq": 23.196041479528926,
            "stddev": 7.013758192310717,
            "count": 1358626,
            "volume": 23877243
        },
        {
            "mean_freq": 44.00000000037993,
            "stddev": 17.28115075688265,
            "count": 16066,
            "volume": 692496
        },
        {
            "mean_freq": 115.00000009205145,
            "stddev": 56.509999686082146,
            "count": 139,
            "volume": 19371
        }
    ],
    "hom_peak": {
        "freq": 23,
        "index": 2
    },
    "est_genome_size": 26713438,
    "est_het_rate": 0.3364477990199105
}