{
    "k": 31,
    "nb_peaks": 3,
    "global_minima": {
        "freq": 11,
        "count": 357490
    },
    "global_maxima": {
        "freq": 26,
        "count": 947304
    },
    "mean_freq": 25,
    "peaks": [
        {
            "mean_freq": 14.421776203178661,
            "stddev": 3.154792120097315,
            "count": 153325,
            "volume": 1212478
        },
        {
            "mean_freq": 26.108126182190414,
            "stddev": 7.566541191383855,
            "count": 947288,
            "volume": 17962864
        },
        {
            "mean_freq": 50.00000000004585,
            "stddev": 13.243500743632676,
            "count": 7044,
            "volume": 233853
        }
    ],
    "hom_peak": {
        "freq": 26,
        "index": 2
    },
    "est_genome_size": 19036809,
    "est_het_rate": 0.2054556178421872
}