{
    "k": 31,
    "nb_peaks": 4,
    "global_minima": {
        "freq": 3,
        "count": 637895
    },
    "global_maxima": {
        "freq": 17,
        "count": 1169639
    },
    "mean_freq": 17,
    "peaks": [
        {
            "mean_freq": 8.000000000000016,
            "stddev": 3.4999999999999987,
            "count": 419915,
            "volume": 3656710
        },
        {
            "mean_freq": 18.907414773547252,
            "stddev": 7.999999999999997,
            "count": 1169638,
            "volume": 23276509
        },
        {
            "mean_freq": 32.00000000121989,
            "stddev": 6.357890057729904,
            "count": 6040,
            "volume": 96268
        },
        {
            "mean_freq": 49.00000017194224,
            "stddev": 24.038295064257284,
            "count": 231,
            "volume": 13690
        }
    ],
    "hom_peak": {
        "freq": 18,
        "index": 2
    },
    "est_genome_size": 25338470,
    "est_het_rate": 0.4655308197250039
}