{
    "k": 31,
    "nb_peaks": 3,
    "global_minima": {
        "freq": 5,
        "count": 559868
    },
    "global_maxima": {
        "freq": 16,
        "count": 1406225
    },
    "mean_freq": 16,
    "peaks": [
        {
            "mean_freq": 9.531011317399335,
            "stddev": 3.499999999997161,
            "count": 370670,
            "volume": 3245413
        },
        {
            "mean_freq": 17.125711859891005,
            "stddev": 5.864446108006639,
            "count": 1319288,
            "volume": 19368127
        },
        {
            "mean_freq": 30.000000000001585,
            "stddev": 6.101096775581768,
            "count": 78255,
            "volume": 1196778
        }
    ],
    "hom_peak": {
        "freq": 17,
        "index": 2
    },
    "est_genome_size": 23384389,
    "est_het_rate": 0.44769500685044145
}