{
    "k": 31,
    "nb_peaks": 4,
    "global_minima": {
        "freq": 3,
        "count": 298554
    },
    "global_maxima": {
        "freq": 22,
        "count": 1445686
    },
    "mean_freq": 21,
    "peaks": [
        {
            "mean_freq": 10.999999846678248,
            "stddev": 4.999999923339122,
            "count": 342419,
            "volume": 4246029
        },
        {
            "mean_freq": 22.698934910629934,
            "stddev": 6.6241880401991935,
            "count": 1395209,
            "volume": 23161305
        },
        {
            "mean_freq": 42.00000029338461,
            "stddev": 10.25352859592456,
            "count": 21937,
            "volume": 563836
        },
        {
            "mean_freq": 64.00000000000009,
            "stddev": 32.00836369586688,
            "count": 324,
            "volume": 25503
        }
    ],
    "hom_peak": {
        "freq": 22,
        "index": 2
    },
    "est_genome_size": 26488500,
    "est_het_rate": 0.5170873300464536
}