{
    "k": 31,
    "nb_peaks": 4,
    "global_minima": {
        "freq": 2,
        "count": 619490
    },
    "global_maxima": {
        "freq": 14,
        "count": 1278019
    },
    "mean_freq": 14,
    "peaks": [
        {
            "mean_freq": 6.9999999999974865,
            "stddev": 2.9999999999987423,
            "count": 435462,
            "volume": 3254953
        },
        {
            "mean_freq": 15.11756280330307,
            "stddev": 6.453244927983586,
            "count": 1245094,
            "volume": 19985296
        },
        {
            "mean_freq": 26.000000000001776,
            "stddev": 5.098144335557815,
            "count": 137106,
            "volume": 1752102
        },
        {
            "mean_freq": 40.00000277702967,
            "stddev": 19.38402965506513,
            "count": 1370,
            "volume": 65368
        }
    ],
    "hom_peak": {
        "freq": 15,
        "index": 2
    },
    "est_genome_size": 25313080,
    "est_het_rate": 0.41479932063173564
}