{
    "k": 31,
    "nb_peaks": 4,
    "global_minima": {
        "freq": 2,
        "count": 738762
    },
    "global_maxima": {
        "freq": 18,
        "count": 1466883
    },
    "mean_freq": 16,
    "peaks": [
        {
            "mean_freq": 16.72366168382314,
            "stddev": 7.779003595945501,
            "count": 1437131,
            "volume": 27648397
        },
        {
            "mean_freq": 52.00000008382321,
            "stddev": 26.009996091698664,
            "count": 706,
            "volume": 45091
        },
        {
            "mean_freq": 70.00000002276411,
            "stddev": 35.00999780195443,
            "count": 270,
            "volume": 23258
        },
        {
            "mean_freq": 88.00000000000843,
            "stddev": 44.009857238399924,
            "count": 136,
            "volume": 14778
        }
    ],
    "hom_peak": {
        "freq": 16,
        "index": 1
    },
    "est_genome_size": 27867465,
    "est_het_rate": 0.0
}