{
    "k": 31,
    "nb_peaks": 3,
    "global_minima": {
        "freq": 13,
        "count": 159729
    },
    "global_maxima": {
        "freq": 41,
        "count": 827155
    },
    "mean_freq": 40,
    "peaks": [
        {
            "mean_freq": 19.999999867166167,
            "stddev": 5.999999506510165,
            "count": 67038,
            "volume": 1007932
        },
        {
            "mean_freq": 41.12656724029553,
            "stddev": 11.787802695114458,
            "count": 818112,
            "volume": 24168326
        },
        {
            "mean_freq": 80.00000000087368,
            "stddev": 26.584332321627652,
            "count": 6364,
            "volume": 423577
        }
    ],
    "hom_peak": {
        "freq": 41,
        "index": 2
    },
    "est_genome_size": 25519446,
    "est_het_rate": 0.12740846914886383
}