{
    "k": 31,
    "nb_peaks": 4,
    "global_minima": {
        "freq": 11,
        "count": 87835
    },
    "global_maxima": {
        "freq": 46,
        "count": 893394
    },
    "mean_freq": 43,
    "peaks": [
        {
            "mean_freq": 23.000000013553503,
            "stddev": 8.189983928139199,
            "count": 125776,
            "volume": 2576809
        },
        {
            "mean_freq": 45.891001760938785,
            "stddev": 10.625449933015192,
            "count": 888975,
            "volume": 23676873
        },
        {
            "mean_freq": 90.0000000042587,
            "stddev": 38.291786616112844,
            "count": 1435,
            "volume": 136584
        },
        {
            "mean_freq": 230.00000012408364,
            "stddev": 103.31988816455265,
            "count": 49,
            "volume": 12491
        }
    ],
    "hom_peak": {
        "freq": 45,
        "index": 2
    },
    "est_genome_size": 25275918,
    "est_het_rate": 0.3288619268654928
}