{
    "k": 31,
    "nb_peaks": 4,
    "global_minima": {
        "freq": 3,
        "count": 433725
    },
    "global_maxima": {
        "freq": 15,
        "count": 1757615
    },
    "mean_freq": 16,
    "peaks": [
        {
            "mean_freq": 7.0000000000002185,
            "stddev": 2.9999999999998597,
            "count": 74785,
            "volume": 559000
        },
        {
            "mean_freq": 15.552926144569483,
            "stddev": 6.223536338967482,
            "count": 1730561,
            "volume": 26864395
        },
        {
            "mean_freq": 28.00000033898123,
            "stddev": 7.911196363045397,
            "count": 60156,
            "volume": 1192742
        },
        {
            "mean_freq": 74.99999999983284,
            "stddev": 30.458477012892597,
            "count": 1297,
            "volume": 98409
        }
    ],
    "hom_peak": {
        "freq": 15,
        "index": 2
    },
    "est_genome_size": 29824606,
    "est_het_rate": 0.06046101016226712
}