{
    "k": 31,
    "nb_peaks": 4,
    "global_minima": {
        "freq": 4,
        "count": 284978
    },
    "global_maxima": {
        "freq": 23,
        "count": 1555343
    },
    "mean_freq": 21,
    "peaks": [
        {
            "mean_freq": 11.000000000004627,
            "stddev": 4.3223243403632665,
            "count": 544248,
            "volume": 5874040
        },
        {
            "mean_freq": 23.0034727409255,
            "stddev": 6.535565705871795,
            "count": 1522304,
            "volume": 24934773
        },
        {
            "mean_freq": 44.000000000794216,
            "stddev": 17.309584231772515,
            "count": 13978,
            "volume": 603456
        },
        {
            "mean_freq": 113.00000602321882,
            "stddev": 56.50999756902291,
            "count": 367,
            "volume": 50901
        }
    ],
    "hom_peak": {
        "freq": 23,
        "index": 2
    },
    "est_genome_size": 29231408,
    "est_het_rate": 0.6482245442652731
}