{
    "k": 31,
    "nb_peaks": 4,
    "global_minima": {
        "freq": 6,
        "count": 127451
    },
    "global_maxima": {
        "freq": 28,
        "count": 1395854
    },
    "mean_freq": 28,
    "peaks": [
        {
            "mean_freq": 13.999999856007616,
            "stddev": 6.4999999280036755,
            "count": 108730,
            "volume": 1748922
        },
        {
            "mean_freq": 28.43203368263353,
            "stddev": 7.618421599480394,
            "count": 1363721,
            "volume": 26040490
        },
        {
            "mean_freq": 54.00000000062501,
            "stddev": 21.803847543746045,
            "count": 12801,
            "volume": 695334
        },
        {
            "mean_freq": 138.0000001036421,
            "stddev": 69.00999763247587,
            "count": 420,
            "volume": 71047
        }
    ],
    "hom_peak": {
        "freq": 28,
        "index": 2
    },
    "est_genome_size": 28518760,
    "est_het_rate": 0.19782360351458975
}